Time,X,Y,Z,LED 1,LED 2,LED 3,LED 4,LED 5,LED 6,LED 7,LED 8,LED 9,LED 10,LED 11,LED 12,LED 13,LED 14,LED 15,LED 16,LED 17,LED 18,LED 19,LED 20,LED 21,LED 22,LED 23,LED 24,LED 25,LED 26,LED 27,LED 28,Amount,Class
0,0,0,0,8.272,3.625,4.993,2.56,2.653,1.596,8.272,3.625,4.993,2.56,2.653,1.596,-0.991389847,-0.311169354,1.468176972,-0.470400525,0.207971242,0.02579058,0.40399296,0.251412098,-0.018306778,0.277837576,-0.11047391,0.066928075,0.128539358,-0.189114844,0.133558377,-0.021053053,149.62,0
0,4,0,0,8.705,3.885,5.194,2.712,2.73,1.671,8.705,3.885,5.194,2.712,2.73,1.671,0.489095016,-0.143772296,0.635558093,0.463917041,-0.114804663,-0.18336127,-0.145783041,-0.069083135,-0.225775248,-0.638671953,0.101288021,-0.339846476,0.167170404,0.125894532,-0.008983099,0.014724169,2.69,0
1,8,0,0,9.134,4.162,5.39,2.872,2.804,1.748,9.134,4.162,5.39,2.872,2.804,1.748,0.717292731,-0.165945923,2.345864949,-2.890083194,1.109969379,-0.121359313,-2.261857095,0.524979725,0.247998153,0.771679402,0.909412262,-0.689280956,-0.327641834,-0.139096572,-0.055352794,-0.059751841,378.66,0
1,12,0,0,9.554,4.456,5.579,3.04,2.875,1.826,9.554,4.456,5.579,3.04,2.875,1.826,0.50775687,-0.287923745,-0.631418118,-1.059647245,-0.684092786,1.965775003,-1.23262197,-0.208037781,-0.108300452,0.005273597,-0.190320519,-1.175575332,0.647376035,-0.221928844,0.062722849,0.061457629,123.5,0
2,16,0,0,9.959,4.768,5.758,3.214,2.941,1.907,9.959,4.768,5.758,3.214,2.941,1.907,1.345851593,-1.119669835,0.17512113,-0.451449183,-0.237033239,-0.038194787,0.803486925,0.40854236,-0.009430697,0.798278495,-0.13745808,0.141266984,-0.206009588,0.502292224,0.21942223,0.215153147,69.99,0
2,20,0,0,10.344,5.097,5.927,3.395,3.002,1.988,10.344,5.097,5.927,3.395,3.002,1.988,-0.358090653,-0.1371337,0.517616807,0.401725896,-0.058132823,0.068653149,-0.033193788,0.084967672,-0.208253515,-0.559824796,-0.026397668,-0.371426583,-0.232793817,0.105914779,0.253844225,0.081080257,3.67,0
4,24,0,0,10.703,5.445,6.081,3.581,3.057,2.071,10.703,5.445,6.081,3.581,3.057,2.071,-0.751062716,0.167371963,0.050143594,-0.443586798,0.002820512,-0.61198734,-0.045575045,-0.219632553,-0.167716266,-0.270709726,-0.154103787,-0.780055415,0.750136936,-0.257236846,0.03450743,0.005167769,4.99,0
7,28,0,0,11.029,5.809,6.22,3.774,3.106,2.155,11.029,5.809,6.22,3.774,3.106,2.155,1.757964214,-1.32386522,0.686132504,-0.076126999,-1.222127345,-0.35822157,0.324504731,-0.156741852,1.94346534,-1.01545471,0.05750353,-0.649709006,-0.415266566,-0.051634297,-1.206921081,-1.085339188,40.8,0
7,32,0,0,11.316,6.189,6.341,3.971,3.149,2.24,11.316,6.189,6.341,3.971,3.149,2.24,-0.286253632,0.07435536,-0.32878305,-0.210077268,-0.499767969,0.118764861,0.570328167,0.052735669,-0.0734251,-0.268091632,-0.20423267,1.011591802,0.37320468,-0.384157308,0.011747356,0.14240433,93.2,0
9,36,0,0,11.56,6.585,6.443,4.173,3.184,2.324,11.56,6.585,6.443,4.173,3.184,2.324,1.006843514,-0.443522817,0.150219101,0.739452777,-0.540979922,0.47667726,0.451772964,0.203711455,-0.246913937,-0.633752642,-0.120794084,-0.385049925,-0.069733046,0.094198834,0.246219305,0.083075649,3.68,0
10,40,0,0,11.755,6.993,6.524,4.377,3.212,2.408,11.755,6.993,6.524,4.377,3.212,2.408,-0.513947153,-0.095045045,0.230930409,0.031967467,0.253414716,0.854343814,-0.221365414,-0.387226474,-0.009301897,0.313894411,0.027740158,0.500512287,0.251367359,-0.129477954,0.042849871,0.016253262,7.8,0
10,44,0,0,11.897,7.413,6.583,4.583,3.233,2.491,11.897,7.413,6.583,4.583,3.233,2.491,-0.090046723,0.362832369,0.928903661,-0.129486811,-0.809978926,0.35998539,0.707663826,0.125991576,0.049923686,0.238421512,0.009129869,0.99671021,-0.767314827,-0.492208295,0.042472442,-0.054337388,9.99,0
10,48,0,0,11.984,7.84,6.618,4.788,3.245,2.573,11.984,7.84,6.618,4.788,3.245,2.573,1.205416808,-0.317630527,0.72567499,-0.815612186,0.873936448,-0.847788599,-0.683192626,-0.102755942,-0.231809239,-0.48328533,0.084667691,0.392830885,0.161134554,-0.35499004,0.026415549,0.042422089,121.5,0
11,52,0,0,12.013,8.272,6.63,4.993,3.249,2.653,12.013,8.272,6.63,4.993,3.249,2.653,-0.011075887,-0.178485175,-0.655564278,-0.199925171,0.124005415,-0.980496202,-0.982916082,-0.153197231,-0.036875532,0.074412403,-0.071407433,0.104743753,0.548264725,0.104094153,0.021491058,0.021293311,27.5,0
12,56,0,0,11.984,8.705,6.618,5.194,3.245,2.73,11.984,8.705,6.618,5.194,3.245,2.73,0.370448093,-0.734975106,0.40679571,-0.303057624,-0.155868715,0.778265457,2.221868014,-1.582122044,1.151663048,0.222181966,1.020586204,0.028316651,-0.232746324,-0.235557218,-0.164777512,-0.030153637,58.8,0
12,60,0,0,11.897,9.134,6.583,5.39,3.233,2.804,11.897,9.134,6.583,5.39,3.233,2.804,1.047626997,-1.066603681,1.106953457,1.660113557,-0.279265373,-0.419994141,0.432535349,0.263450864,0.499624955,1.353650486,-0.25657328,-0.065083708,-0.039124354,-0.087086473,-0.1809975,0.129394059,15.99,0
12,64,0,0,11.755,9.554,6.524,5.579,3.212,2.875,11.755,9.554,6.524,5.579,3.212,2.875,0.708380406,-0.468647288,0.354574063,-0.246634656,-0.009212378,-0.595912406,-0.575681622,-0.113910177,-0.024612006,0.196001953,0.013801654,0.103758331,0.364297541,-0.382260574,0.092809187,0.037050517,12.99,0
13,68,0,0,11.56,9.959,6.443,5.758,3.184,2.941,11.56,9.959,6.443,5.758,3.184,2.941,0.252624256,-0.29189646,-0.184520169,1.143173707,-0.928709263,0.680469593,0.025436462,-0.047021282,-0.194795824,-0.672637997,-0.156857514,-0.888386321,-0.342413219,-0.049026729,0.079692399,0.131023789,0.89,0
14,72,0,0,11.316,10.344,6.341,5.927,3.149,3.002,11.316,10.344,6.341,5.927,3.149,3.002,-0.266567765,-0.479129929,-0.526608503,0.472004112,-0.725480945,0.075081352,-0.406866573,-2.196848025,-0.503600329,0.984459786,2.458588576,0.042118897,-0.481630824,-0.621272014,0.39205329,0.949594246,46.8,0
15,76,0,0,11.029,10.703,6.22,6.081,3.106,3.057,11.029,10.703,6.22,6.081,3.106,3.057,-0.416957167,0.052010515,-0.042978923,-0.166432496,0.304241419,0.554432499,0.054229515,-0.387910173,-0.177649846,-0.175073809,0.040002219,0.295813863,0.332930599,-0.220384851,0.022298436,0.007602256,5,0
16,80,0,0,10.703,11.029,6.081,6.22,3.057,3.106,10.703,11.029,6.081,6.22,3.057,3.106,0.420480265,-0.372650997,-0.807979513,-2.044557483,0.515663469,0.625847298,-1.300408169,-0.13833394,-0.295582932,-0.571955007,-0.050880701,-0.304214501,0.072001006,-0.42223443,0.086553398,0.063498649,231.71,0
17,84,0,0,10.344,11.316,5.927,6.341,3.002,3.149,10.344,11.316,5.927,6.341,3.002,3.149,-0.936421296,0.983739419,0.710910766,-0.602231772,0.402484376,-1.737162035,-2.027612322,-0.269320967,0.143997423,0.402491661,-0.048508221,-1.371866295,0.390813885,0.199963658,0.016370643,-0.014605328,34.09,0
18,88,0,0,9.959,11.56,5.758,6.443,2.941,3.184,9.959,11.56,5.758,6.443,2.941,3.184,-2.10534645,1.126870105,0.003075323,0.424424506,-0.454475292,-0.098870627,-0.816597307,-0.307168509,0.018701872,-0.061972267,-0.103854922,-0.370415177,0.603200339,0.108555873,-0.040520706,-0.011417815,2.28,0
18,92,0,0,9.554,11.755,5.579,6.524,2.875,3.212,9.554,11.755,5.579,6.524,2.875,3.212,-0.453375297,0.081393088,1.555204196,-1.396894893,0.783130838,0.436621214,2.177807168,-0.230983143,1.650180361,0.200454091,-0.185352508,0.423073148,0.820591262,-0.227631864,0.336634447,0.250475352,22.75,0
22,96,0,0,9.134,11.897,5.39,6.583,2.804,3.233,9.134,11.897,5.39,6.583,2.804,3.233,0.044160628,0.033897757,1.190717675,0.578843475,-0.975667025,0.044062818,0.488602869,-0.216715254,-0.579525934,-0.799228953,0.870300215,0.983421493,0.321201133,0.149649877,0.707518836,0.014599752,0.89,0
22,100,0,0,8.705,11.984,5.194,6.618,2.73,3.245,8.705,11.984,5.194,6.618,2.73,3.245,-0.65523293,-0.279796856,-0.211667955,-0.33332061,0.010751094,-0.488472666,0.505751034,-0.386693573,-0.403639499,-0.227404004,0.742434864,0.398534855,0.249212161,0.274404274,0.359969356,0.243231672,26.43,0
23,104,0,0,8.272,12.013,4.993,6.63,2.653,3.249,8.272,12.013,4.993,6.63,2.653,3.249,1.492285435,0.101417526,0.761477545,-0.014584082,-0.511640117,-0.325056355,-0.390933798,0.027877909,0.067003304,0.227811928,-0.150487225,0.435045103,0.72482458,-0.33708206,0.016368379,0.030041191,41.88,0
23,108,0,0,7.84,11.984,4.788,6.618,2.573,3.245,7.84,11.984,4.788,6.618,2.573,3.245,0.36148541,0.171945122,0.782166532,-1.35587073,-0.216935153,1.271765385,-1.240621935,-0.522950941,-0.284375572,-0.323357411,-0.037709905,0.347150939,0.559639137,-0.280158166,0.042335258,0.0288223,16,0
23,112,0,0,7.413,11.897,4.583,6.583,2.491,3.233,7.413,11.897,4.583,6.583,2.491,3.233,0.635953883,-0.086324472,0.076803687,-1.405919334,0.775591738,-0.942888927,0.543969462,0.097307591,0.077237434,0.457330599,-0.038499725,0.642521903,-0.183891335,-0.277464019,0.182687486,0.152664645,33,0
23,116,0,0,6.993,11.755,4.377,6.524,2.408,3.212,6.993,11.755,4.377,6.524,2.408,3.212,-0.542001579,-0.039914502,-0.218683248,0.004475682,-0.193554039,0.042387962,-0.277833721,-0.178023367,0.013676294,0.21373361,0.014461849,0.00295086,0.294638015,-0.395069505,0.081461117,0.024220349,12.99,0
24,120,0,0,6.585,11.56,4.173,6.443,2.324,3.184,6.585,11.56,4.173,6.443,2.324,3.184,0.348675901,-0.152535139,-0.21838563,-0.191551818,-0.116580603,-0.633790817,0.348415801,-0.066351335,-0.245682498,-0.530900256,-0.044265397,0.079168029,0.50913569,0.288857834,-0.022704982,0.011836231,17.28,0
25,124,0,0,6.189,11.316,3.971,6.341,2.24,3.149,6.189,11.316,3.971,6.341,2.24,3.149,-1.492780392,0.520787894,-0.674592597,-0.529108242,0.158256198,-0.398751479,-0.145708909,-0.273832367,-0.05323366,-0.004760151,-0.03147017,0.198053718,0.565007313,-0.337718126,0.029057402,0.004452631,4.45,0
26,128,0,0,5.809,11.029,3.774,6.22,2.155,3.106,5.809,11.029,3.774,6.22,2.155,3.106,-0.571745303,0.100974273,-1.519771833,-0.284375978,-0.310523585,-0.404247869,-0.823373524,-0.290347611,0.046949067,0.208104855,-0.185548347,0.00103066,0.098815701,-0.552903603,-0.073288084,0.023307045,6.14,0
26,132,0,0,5.445,10.703,3.581,6.081,2.071,3.057,5.445,10.703,3.581,6.081,2.071,3.057,-0.571745303,0.100974273,-1.519771833,-0.284375978,-0.310523585,-0.404247869,-0.823373524,-0.290347611,0.046949067,0.208104855,-0.185548347,0.00103066,0.098815701,-0.552903603,-0.073288084,0.023307045,6.14,0
26,136,0,0,5.097,10.344,3.395,5.927,1.988,3.002,5.097,10.344,3.395,5.927,1.988,3.002,-0.571821891,0.102252103,-1.519991203,-0.285912497,-0.309633387,-0.403901993,-0.823742994,-0.283263782,0.049525687,0.206536543,-0.18710807,0.000753014,0.098116606,-0.553470969,-0.078305502,0.025427378,1.77,0
26,140,0,0,4.768,9.959,3.214,5.758,1.907,2.941,4.768,9.959,3.214,5.758,1.907,2.941,-0.571821891,0.102252103,-1.519991203,-0.285912497,-0.309633387,-0.403901993,-0.823742994,-0.283263782,0.049525687,0.206536543,-0.18710807,0.000753014,0.098116606,-0.553470969,-0.078305502,0.025427378,1.77,0
27,144,0,0,4.456,9.554,3.04,5.579,1.826,2.875,4.456,9.554,3.04,5.579,1.826,2.875,-0.630112887,-0.286217451,-0.337046324,-0.428105474,-0.030602108,-0.504568166,0.355180278,0.045721127,-0.194599935,-0.335132726,-0.078179606,0.392783892,-0.031157147,0.198036799,-0.175347301,-0.203616156,30.49,0
27,148,0,0,4.162,9.134,2.872,5.39,1.748,2.804,4.162,9.134,2.872,5.39,1.748,2.804,-0.268094206,0.76864804,-0.524367354,-0.808816147,0.710386067,-0.118368787,0.979287836,0.008713334,0.082279817,0.325782191,-0.069107391,0.020961997,-0.044668488,-0.243441392,0.149180325,0.120556908,1.8,0
29,152,0,0,3.885,8.705,2.712,5.194,1.671,2.73,3.885,8.705,2.712,5.194,1.671,2.73,0.391917044,-0.037510858,0.795301519,-1.668210591,1.322994882,-2.830035229,-1.463431688,-0.20346121,-0.076301837,0.108866913,0.16223094,-0.575624048,0.109794915,0.373813367,0.050552197,0.005105559,20.53,0
29,156,0,0,3.625,8.272,2.56,4.993,1.596,2.653,3.625,8.272,2.56,4.993,1.596,2.653,-0.252267066,0.274457682,-0.810394372,-0.587005063,0.087451074,-0.550473628,-0.154749355,-0.190119711,-0.037708654,0.095701462,-0.048197647,0.232114939,0.606200749,-0.342096829,0.036769605,0.007479961,6.54,0
32,0,4,0,8.589,3.717,5.303,2.672,2.836,1.681,8.589,3.717,5.303,2.672,2.836,1.681,-0.0169131,-0.220846086,0.362417699,0.315222304,-0.512265445,0.118994619,0.57472016,0.097852692,-0.006292714,0.009200225,-0.129463201,1.11297017,0.500382109,1.196549199,-0.048220435,0.005093622,29.89,0
32,4,4,0,9.048,3.986,5.524,2.835,2.921,1.761,9.048,3.986,5.524,2.835,2.921,1.761,-0.206518166,1.013603212,-0.54941351,-0.708034201,0.869643169,-0.09565956,0.944395409,0.028740125,0.094917307,0.294982704,0.011081384,0.015249372,0.034210636,-0.236141102,0.128290673,0.11798599,2.35,0
33,8,4,0,9.502,4.274,5.739,3.006,3.004,1.844,9.502,4.274,5.739,3.006,3.004,1.844,0.481916748,-0.365439093,0.235544572,-1.34781146,0.50464826,-0.798404511,0.759710307,0.254324778,-0.087329191,0.25831528,-0.264775023,0.118282367,0.173508081,-0.217041287,0.094311913,-0.033041296,14.8,0
33,12,4,0,9.948,4.58,5.947,3.186,3.082,1.93,9.948,4.58,5.947,3.186,3.082,1.93,0.415429902,-0.233899925,0.452335832,0.844368277,-0.822739086,0.338821622,-1.214234428,-0.00541945,0.401212016,1.064864254,-0.158325436,0.295505486,-0.259369648,0.754194723,0.04666377,0.093947918,9.1,0
34,16,4,0,10.379,4.906,6.145,3.373,3.155,2.017,10.379,4.906,6.145,3.373,3.155,2.017,1.380826322,-1.039124606,0.652842089,1.898747563,-0.458413549,-0.559803243,-0.29510264,0.359392906,0.433349642,1.260402664,-0.404700036,0.094945523,0.480975977,-0.09068468,0.319222973,0.135599925,15.99,0
34,20,4,0,10.789,5.25,6.33,3.567,3.223,2.106,10.789,5.25,6.33,3.567,3.223,2.106,0.744206684,-0.188353421,-0.075661963,-0.709192272,0.381219103,-1.372080174,-0.273701149,-0.078354633,-0.164222415,-0.247400539,0.059405065,0.456286465,0.361004004,0.274414146,-0.002498362,0.017108847,21.34,0
34,24,4,0,11.171,5.613,6.501,3.769,3.284,2.197,11.171,5.613,6.501,3.769,3.284,2.197,-0.05895353,0.151922602,1.982594882,-0.443295054,-0.318251412,0.064787167,0.613505272,-0.033522345,-0.064906147,-0.120448982,-0.156525634,-0.800212851,-0.000620392,-0.835203307,0.131001421,0.06289627,18.95,0
34,28,4,0,11.519,5.995,6.654,3.977,3.339,2.288,11.519,5.995,6.654,3.977,3.339,2.288,0.089923037,-0.157405057,-0.588819332,-0.477908446,0.225388796,-0.668680159,-0.023599421,-0.222302592,0.71896107,-0.17187687,-0.166205255,0.776471324,0.818460356,0.442547455,0.142757247,0.21923761,9.99,0
35,32,4,0,11.826,6.394,6.788,4.191,3.387,2.381,11.826,6.394,6.788,4.191,3.387,2.381,2.047898316,-0.739338429,1.456222044,-0.272049583,-0.932007398,1.9265322,-0.659939173,-0.273032887,-0.228726646,-0.12352242,-0.131025122,-0.929668179,0.181379006,1.194928064,0.000531332,0.019910623,30.9,0
35,36,4,0,12.086,6.809,6.901,4.409,3.426,2.474,12.086,6.809,6.901,4.409,3.426,2.474,0.555086956,-0.116357329,0.165886171,-1.237210027,0.638414233,-0.776070595,0.69280589,0.235008926,-0.05722847,0.314152998,-0.129862928,0.114283708,-0.027812477,-0.259937016,0.11875364,-0.008956298,20.22,0
35,40,4,0,12.295,7.239,6.991,4.631,3.458,2.566,12.295,7.239,6.991,4.631,3.458,2.566,1.091681409,-0.409346352,-0.577994105,-0.581283742,0.21234268,-0.893181253,-0.020652885,-0.072620126,-0.042468086,0.198474052,-0.033009975,1.013290131,0.559097511,0.401817534,-0.005864656,0.017936032,0.99,0
36,44,4,0,12.447,7.681,7.056,4.855,3.48,2.658,12.447,7.681,7.056,4.855,3.48,2.658,-0.799585071,-0.341956368,-0.930529782,0.510510185,0.092428106,0.823984132,1.1903978,-0.001979978,1.393406004,-0.381671395,0.969719176,0.019444796,0.570922813,0.333277782,0.857373192,-0.075538246,1402.95,0
36,48,4,0,12.54,8.133,7.096,5.08,3.494,2.748,12.54,8.133,7.096,5.08,3.494,2.748,-0.346158686,0.210182391,2.345229333,-1.172647683,0.860018874,-1.154224266,0.858768026,-0.120560178,0.024497904,-0.120153158,0.212986045,0.087535763,-0.946529684,0.226700389,-0.810100768,0.234956581,7.99,0
36,52,4,0,12.571,8.589,7.109,5.303,3.498,2.836,12.571,8.589,7.109,5.303,3.498,2.836,-1.321559752,-0.062404467,0.505750536,-0.209298471,0.207536534,-0.471334707,-0.736297582,-0.275034579,-0.033234172,0.093261885,0.089498395,0.361261298,0.250962948,-0.37827998,0.0810239,0.034226938,2.09,0
37,56,4,0,12.54,9.048,7.096,5.524,3.494,2.921,12.54,9.048,7.096,5.524,3.494,2.921,0.303950023,-0.316750192,1.134897205,0.635909577,-0.199763166,-0.122051064,0.004516182,-0.065983383,-0.323607229,-0.929781372,0.063808806,-0.193565115,0.287574218,0.127880985,-0.023731193,0.025199673,0.99,0
38,60,4,0,12.447,9.502,7.056,5.739,3.48,3.004,12.447,9.502,7.056,5.739,3.48,3.004,0.754693617,-0.047655469,0.348217617,-1.493526805,0.757230632,-0.684369216,1.303358759,0.089837783,0.116269966,0.691685039,0.12111283,0.116142168,-1.112725012,-0.303369145,0.327532804,0.255621383,21.76,0
39,64,4,0,12.295,9.948,6.991,5.947,3.458,3.082,12.295,9.948,6.991,5.947,3.458,3.082,0.836964039,0.1447522,1.156609532,-1.933020943,0.741348958,-0.513609928,1.567345387,0.383282933,0.212133973,0.702337604,-0.005700602,0.147346442,0.245651952,-0.44045621,0.147130419,0.139467732,120.96,0
39,68,4,0,12.086,10.379,6.901,6.145,3.426,3.155,12.086,10.379,6.901,6.145,3.426,3.155,-0.35662599,-0.041200001,-0.7351031,0.030533314,-0.778067288,-0.015159683,-0.152824068,-0.113875191,-0.151042302,-0.311726353,-0.374792813,1.01488604,0.353991877,-0.510327072,0.159032671,0.228707928,13.84,0
40,72,4,0,11.826,10.789,6.788,6.33,3.387,3.223,11.826,10.789,6.788,6.33,3.387,3.223,-1.015039703,0.422995452,-0.706629551,-0.488455358,0.058531448,-0.383627226,-0.074067698,-0.2198461,-0.056023985,-0.011603086,-0.070482892,0.004345191,0.603928641,-0.327424451,0.029889689,0.004944296,13.84,0
41,76,4,0,11.519,11.171,6.654,6.501,3.339,3.284,11.519,11.171,6.654,6.501,3.339,3.284,0.189484506,-0.070792612,0.619345198,0.318582897,0.090232112,-0.331450412,-0.344721213,-0.099579746,-0.193213341,-0.557685063,0.169492069,0.186862704,0.089251983,0.09362623,-0.00963264,0.019667693,2.67,0
41,80,4,0,11.171,11.519,6.501,6.654,3.284,3.339,11.171,11.519,6.501,6.654,3.284,3.339,0.81124802,0.371566359,1.026078849,-0.028501345,-0.307546103,-1.099654915,0.010738506,0.263505048,-0.305873933,-1.216555269,-0.077601526,-0.741340788,0.286881125,0.200346696,-0.075203351,0.027271219,169.05,0
41,84,4,0,10.789,11.826,6.33,6.788,3.223,3.387,10.789,11.826,6.33,6.788,3.223,3.387,0.146080827,-0.586610839,0.797189022,-0.891720829,-0.079207821,1.541588494,-0.983586179,-0.299307434,-0.156198372,-0.030568777,-0.019723384,0.433752601,-0.02952146,1.141241302,-0.00861206,0.041563896,96.94,0
41,88,4,0,10.379,12.086,6.145,6.901,3.155,3.426,10.379,12.086,6.145,6.901,3.155,3.426,-1.308522173,0.788863794,0.320294451,0.29540381,-0.287878455,-0.451452923,-1.011446167,-0.191049987,0.011106334,-0.1197031,-0.076509528,0.691320431,0.633983977,0.048741274,-0.053191942,0.016251499,34.13,0
42,92,4,0,9.948,12.295,5.947,6.991,3.082,3.458,9.948,12.295,5.947,6.991,3.082,3.458,-0.274214413,-0.276190768,-0.17240874,-0.118962106,-0.550002391,-0.14805164,0.771761783,0.107676349,-0.257662841,-0.61676229,-0.156668822,1.031134943,0.120617108,0.310494067,-0.288298624,-0.223964274,32.51,0
42,96,4,0,9.502,12.447,5.739,7.056,3.004,3.48,9.502,12.447,5.739,7.056,3.004,3.48,1.426909802,0.020510249,1.651336367,-0.961342569,0.246360059,-0.407537297,0.917399012,-0.013016021,0.172401477,1.01154336,0.069666273,0.157819741,-1.109224318,-0.302369335,0.318170337,0.31690956,243.66,0
44,100,4,0,9.048,12.54,5.524,7.096,2.921,3.494,9.048,12.54,5.524,7.096,2.921,3.494,-2.51758729,0.384573507,0.343832097,-1.370563137,0.958567982,-1.607241693,-0.64725644,-0.121725831,-0.081500218,-0.016925889,-0.147706273,-1.384620203,-0.024352091,0.412659496,-0.106776268,-0.190475773,21.55,0
44,104,4,0,8.589,12.571,5.303,7.109,2.836,3.498,8.589,12.571,5.303,7.109,2.836,3.498,-0.163471395,-0.783996855,-0.367152827,-0.65311889,-0.504299997,-0.26056036,0.435251052,0.107321716,-0.220075388,-0.01784471,-0.431938292,-0.130458459,0.337158592,-0.440041535,-0.674526157,-0.473217566,59.9,0
44,108,4,0,8.133,12.54,5.08,7.096,2.748,3.494,8.133,12.54,5.08,7.096,2.748,3.494,0.081222188,-0.939053268,0.08118723,-0.129784753,-0.174353463,-0.090290993,0.222434544,-0.056186326,-0.083646907,0.416090082,0.207536735,0.716064035,-0.602311115,-0.064230014,-0.315057518,-0.272463332,0.75,0
44,112,4,0,7.681,12.447,4.855,7.056,2.658,3.48,7.681,12.447,4.855,7.056,2.658,3.48,-0.479261671,0.314166276,0.214167231,-1.333716473,1.002869021,-2.119313502,-1.053043056,-0.185390375,-0.040513048,0.079359401,0.096631746,-0.992568669,0.085095829,0.377447205,0.036096421,-0.005960286,45.71,0
46,116,4,0,7.239,12.295,4.631,6.991,2.566,3.458,7.239,12.295,4.631,6.991,2.566,3.458,-0.400594745,-0.830664636,0.338009486,0.029924176,0.371150311,-1.054318672,1.890363924,-0.369227398,-0.686487767,-0.779267566,1.086055019,0.518863427,-0.363712018,3.065575697,-0.589022175,-0.396109823,35,0
46,120,4,0,6.809,12.086,4.409,6.901,2.474,3.426,6.809,12.086,4.409,6.901,2.474,3.426,-0.729473777,0.380114785,-0.729126305,-0.493402465,0.043555876,-0.40528965,-0.092584544,-0.091366857,-0.020238687,-0.018880624,-0.120966187,0.027381789,0.593863624,-0.334687922,0.02136801,0.015080401,67.97,0
46,124,4,0,6.394,11.826,4.191,6.788,2.381,3.387,6.394,11.826,4.191,6.788,2.381,3.387,-0.215037273,0.140449403,0.160265566,-0.601890179,-0.144355315,0.221557465,1.454852162,0.315571561,-0.107581845,-0.157139517,-0.194659196,1.013897347,0.145503367,-0.237619523,0.411371737,0.202788455,11.45,0
47,128,4,0,5.995,11.519,3.977,6.654,2.288,3.339,5.995,11.519,3.977,6.654,2.288,3.339,0.437973609,0.269026235,1.127419442,-0.196922571,0.007703674,-1.122640478,-0.590917691,-0.120981428,-0.149875597,-0.374210668,0.145515986,0.414983921,0.212156011,0.18172425,-0.016402134,0.015994209,3.63,0
48,132,4,0,5.613,11.171,3.769,6.501,2.197,3.284,5.613,11.171,3.769,6.501,2.197,3.284,-1.983823179,0.321663489,-1.42530188,0.125194163,-0.404409452,0.097776857,-0.020531268,-0.29875073,-0.042142326,-0.148707276,0.001451165,0.302764487,-0.680714199,-0.015553924,-0.006307004,0.164222205,21.66,0
48,136,4,0,5.25,10.789,3.567,6.33,2.106,3.223,5.25,10.789,3.567,6.33,2.106,3.223,0.015944401,-0.405832818,0.271930433,-1.423020649,0.676324383,-0.9110483,0.461845498,0.667846872,-0.180722526,0.23513817,-0.091441571,0.417654474,0.122733846,-0.232985041,0.811879841,0.618568312,26.72,0
49,140,4,0,4.906,10.379,3.373,6.145,2.017,3.155,4.906,10.379,3.373,6.145,2.017,3.155,0.506780523,0.125136665,-0.892709712,-0.621679133,0.044340267,-0.642093954,-0.161986891,-0.128040892,-0.024971678,0.15426426,-0.063146743,0.253205307,0.629405435,-0.345344655,0.040469338,0.01026375,13.18,0
49,144,4,0,4.58,9.948,3.186,5.947,1.93,3.082,4.58,9.948,3.186,5.947,1.93,3.082,-0.569509884,0.008710073,-1.04141381,-0.6034031,0.225483729,-0.3521326,0.194946381,0.016970371,0.115062466,0.418528728,-0.065132788,0.264980785,0.00395822,0.395968889,0.027182102,0.043505756,59.99,0
49,148,4,0,4.274,9.502,3.006,5.739,1.844,3.004,4.274,9.502,3.006,5.739,1.844,3.004,0.106267712,0.665985251,0.442253558,0.122646355,-0.492391586,-0.535140314,-0.078081834,0.120050786,-0.333929581,-1.299919567,0.08431099,-0.370397871,0.155101565,-0.834490365,0.000909065,0.035546876,135.51,0
50,152,4,0,3.986,9.048,2.835,5.524,1.761,2.921,3.986,9.048,2.835,5.524,1.761,2.921,-0.289860314,0.005804746,0.460440953,-0.221035265,-0.775852455,0.657023315,0.807582919,0.354730635,0.00355852,0.561240486,-0.19928672,0.001387389,-0.179529952,-0.374115726,0.071641454,-0.175510469,9.79,0
50,156,4,0,3.717,8.589,2.672,5.303,1.681,2.836,3.717,8.589,2.672,5.303,1.681,2.836,-0.426813034,-0.183001108,-0.747731683,-0.037707579,-0.866459638,-0.00725732,-0.160432044,-0.002784334,-0.136440967,-0.300362026,-0.331691623,0.996382471,0.502469492,-0.518043048,-0.208275755,-0.116048406,14.8,0
51,0,8,0,8.888,3.801,5.625,2.786,3.031,1.769,8.888,3.801,5.625,2.786,3.031,1.769,0.376647694,0.227135013,1.024996121,0.299531715,-0.426046051,-0.550315066,-0.119898969,-0.088970094,-0.256530536,-0.739211692,0.135732381,0.381989866,0.219301892,0.094290693,-0.028686668,0.019197591,1.98,0
52,4,8,0,9.37,4.08,5.866,2.96,3.126,1.856,9.37,4.08,5.866,2.96,3.126,1.856,-1.468036029,0.502861188,-0.626936023,-0.369716052,-0.03179924,-0.215342174,0.05501965,-0.255923875,-0.087813418,-0.110756407,-0.097770725,-0.323374178,0.633278881,-0.305327819,0.027394124,-0.000580465,6.67,0
52,8,8,0,9.85,4.378,6.102,3.142,3.217,1.946,9.85,4.378,6.102,3.142,3.217,1.946,-0.353574309,-2.837135998,0.29222688,-0.30377384,-1.942303145,-0.435449716,-0.934016115,2.456724046,-0.852308858,-0.181268484,-0.163746504,0.515820526,0.136318432,0.460053967,-0.251258638,-1.105751157,1.46,0
53,12,8,0,10.321,4.696,6.33,3.334,3.303,2.038,10.321,4.696,6.33,3.334,3.303,2.038,-0.933024958,-1.118786565,0.141253041,-2.811887548,-0.50474581,0.891222663,-1.512022437,-0.769854287,-0.453169417,0.33461404,-0.364541412,-0.310185782,-0.302599494,-1.243924154,-1.123456545,-0.734351086,89.17,0
54,16,8,0,10.777,5.034,6.547,3.534,3.384,2.133,10.777,5.034,6.547,3.534,3.384,2.133,0.676330389,-0.351249746,1.295130059,0.164859782,0.246413935,-0.804462522,-0.561740543,-0.070750567,-0.251113124,-0.680155165,0.148162527,0.047061501,0.157049746,0.121934641,-0.004607898,0.029418109,7.53,0
55,20,8,0,11.21,5.392,6.751,3.743,3.46,2.23,11.21,5.392,6.751,3.743,3.46,2.23,-1.020718454,-1.246829406,-2.348673437,-0.213437533,-0.100221745,-0.406073073,-1.637572519,-0.960962934,-0.047365029,0.853359935,-0.971600429,-0.114861639,0.408300392,-0.304576466,0.547784789,-0.456296829,200.01,0
55,24,8,0,11.615,5.77,6.939,3.96,3.528,2.329,11.615,5.77,6.939,3.96,3.528,2.329,-1.615433023,-0.665286836,-0.292983046,0.803106054,0.462149367,0.834641095,-0.651796833,-0.10085849,0.035361549,-0.116890316,-0.178926347,0.400155137,-0.026230684,0.165155684,0.0277618,0.132979788,0.76,0
56,28,8,0,11.984,6.168,7.109,4.185,3.589,2.429,11.984,6.168,7.109,4.185,3.589,2.429,-1.969051595,0.450006443,-0.263173073,-0.968361413,0.459253724,0.003771192,1.000716252,0.128621717,-0.024046106,0.215006397,-0.13198159,-0.007415627,-0.136578135,-0.242960778,0.382930847,0.276416936,20.22,0
56,32,8,0,12.31,6.585,7.257,4.416,3.642,2.53,12.31,6.585,7.257,4.416,3.642,2.53,-0.110866964,-0.04267687,1.654140364,-0.392648023,-0.875960217,0.183946189,1.259380028,0.167231088,-0.23942558,-0.437342144,0.018425768,1.013037763,-0.258926559,-0.293189253,-0.394955581,-0.435995593,10.84,0
59,36,8,0,12.587,7.019,7.382,4.652,3.687,2.632,12.587,7.019,7.382,4.652,3.687,2.632,1.594957593,-0.259878797,1.221025466,1.324639512,0.120540186,-1.248648871,-0.005069791,2.442781774,0.890977779,0.026122575,-1.134769337,-0.65495825,0.098386262,-0.209149914,-0.171709156,0.208056641,1142.02,0
59,40,8,0,12.809,7.47,7.481,4.893,3.722,2.733,12.809,7.47,7.481,4.893,3.722,2.733,0.679743973,0.59371845,0.249734698,-0.084367221,-0.25970728,-0.89499546,-0.010373942,0.214510448,-0.209381106,-0.930107296,0.028509911,0.032682009,0.155130495,0.13325047,-0.073534231,0.022349145,149.9,0
60,44,8,0,12.971,7.933,7.553,5.136,3.747,2.834,12.971,7.933,7.553,5.136,3.747,2.834,-0.473257348,0.45204589,1.00567481,0.185441398,-0.439975752,0.012539148,-0.498587992,-0.001998251,0.11577545,0.164781092,-0.177564055,0.39189057,0.624681738,-0.288376428,-0.001311834,0.035811519,89.4,0
60,48,8,0,13.069,8.407,7.597,5.381,3.762,2.934,13.069,8.407,7.597,5.381,3.762,2.934,0.620788367,-0.070889338,-0.203857983,-0.853479419,0.336478014,-1.179531721,-0.501729107,-0.111852536,-0.06003745,0.059884123,-0.047526366,0.443992419,0.640295759,-0.337657131,0.042108484,0.02426471,26.72,0
62,52,8,0,13.103,8.888,7.612,5.625,3.767,3.031,13.103,8.888,7.612,5.625,3.767,3.031,-1.023958211,0.098433875,1.562288762,0.168577702,-0.148826411,-0.28592721,-0.483363894,0.180287627,-0.098000008,-0.170245844,-0.137227527,0.055228279,0.079347554,0.302032602,0.39137735,0.196599881,5.99,0
64,56,8,0,13.069,9.37,7.597,5.866,3.762,3.126,13.069,9.37,7.597,5.866,3.762,3.126,-0.218129649,0.197436521,-0.147850246,-0.097830142,-0.510052501,-0.070939281,0.355170584,0.01477744,-0.167496337,-0.49469457,-0.149785451,1.011226555,0.883547705,-0.329433811,0.020370146,0.017037086,34.7,0
64,60,8,0,12.971,9.85,7.553,6.102,3.747,3.217,12.971,9.85,7.553,6.102,3.747,3.217,0.374025172,-0.531597207,-0.615062565,-0.518078459,0.003880895,-1.288954074,-0.797804485,0.064132874,-0.156095761,-0.238804965,0.089877177,0.421195367,-0.352487134,0.074782742,-0.09419217,-0.09249313,54.99,0
64,64,8,0,12.809,10.321,7.481,6.33,3.722,3.303,12.809,10.321,7.481,6.33,3.722,3.303,-0.223918286,0.417438142,1.678400143,-0.5157016,0.662478668,-2.514235114,-2.589687575,-0.298404521,-0.155547161,-0.403239316,0.356504034,-0.696881459,-0.19871797,-0.220267916,0.068546196,0.020797315,7.55,0
67,68,8,0,12.587,10.777,7.382,6.547,3.687,3.384,12.587,10.777,7.382,6.547,3.687,3.384,0.141211079,-0.207880444,0.0241084,-1.206876592,0.394836382,-0.75095563,0.440558481,0.225920347,0.038362968,0.336449012,-0.014882833,0.10295901,-0.26532206,-0.348636687,0.011238449,-0.04947834,19.85,0
67,72,8,0,12.31,11.21,7.257,6.751,3.642,3.46,12.31,11.21,7.257,6.751,3.642,3.46,0.208014288,-0.680510403,0.507763583,-0.260264023,0.246631324,0.008855504,0.899415801,-0.028351935,-0.140047358,0.355044184,0.332719988,0.718192517,-0.219366046,0.118926551,-0.317485702,-0.340783398,28.28,0
68,76,8,0,11.984,11.615,7.109,6.939,3.589,3.528,11.984,11.615,7.109,6.939,3.589,3.528,0.105247333,0.284676541,1.057322113,0.315890891,-0.411940026,-0.511911581,-0.120427106,-0.077870574,-0.251566497,-0.770138762,0.125997505,0.36962737,0.205597702,0.094061594,-0.033137975,0.020990394,15.99,0
68,80,8,0,11.615,11.984,6.939,7.109,3.528,3.589,11.615,11.984,6.939,7.109,3.528,3.589,-1.434536278,0.796994975,0.74510638,0.222868281,-0.229198749,-0.364808595,-0.254104653,-0.221851585,-0.182661586,-0.612267726,0.19730465,0.174882516,0.032496543,0.099479911,-0.026815791,0.004198633,2.69,0
68,84,8,0,11.21,12.31,6.751,7.257,3.46,3.642,11.21,12.31,6.751,7.257,3.46,3.642,-0.010588597,-0.200012765,-0.908689459,-0.323594882,-0.022103673,-0.796683933,-0.479505429,-0.03383089,-0.057335911,-0.155801281,0.018107802,0.941555369,-0.168581841,0.056170997,0.058979361,0.134187921,22.36,0
69,88,8,0,10.777,12.587,6.547,7.382,3.384,3.687,10.777,12.587,6.547,7.382,3.384,3.687,0.654790271,-4.318377859,1.038603486,0.404686812,2.729168037,1.115863603,-0.703814031,0.676953714,-0.290986927,-0.000234694,0.09217442,0.586205255,-0.397313835,-0.480948881,0.251145,-0.2422786,0.78,0
69,92,8,0,10.321,12.809,6.33,7.481,3.303,3.722,10.321,12.809,6.33,7.481,3.303,3.722,-1.468983113,0.285370868,-0.237172914,-0.912819718,0.242906278,0.122721608,1.175062565,0.374085586,0.046506385,0.165162501,0.063974176,-0.333791686,0.131775824,-0.217691931,-0.082183353,-0.116730187,168.56,0
69,96,8,0,9.85,12.971,6.102,7.553,3.217,3.747,9.85,12.971,6.102,7.553,3.217,3.747,1.642766731,-2.678080725,0.728038853,0.289107812,0.384462973,0.454547699,0.113990423,0.072645181,1.964253339,-0.883217569,-0.247698186,-0.758605574,0.086450074,0.202790049,-0.898857651,-0.944336584,0.76,0
69,100,8,0,9.37,13.069,5.866,7.597,3.126,3.762,9.37,13.069,5.866,7.597,3.126,3.762,-0.087315334,-1.108163644,1.30866895,0.521481126,-0.735664503,0.165409024,0.314515491,-0.111529834,0.110447913,-1.178463303,0.508910502,0.923385245,0.213758667,0.033506668,-0.142024761,-0.263844093,9.47,0
70,104,8,0,8.888,13.103,5.625,7.612,3.031,3.767,8.888,13.103,5.625,7.612,3.031,3.767,-0.855599222,-0.926168244,-1.573685405,-0.49307804,0.329125177,-0.618188812,-0.708406335,-0.200077073,0.149485235,0.769877755,-0.092634482,0.150536174,-0.234229996,0.504709599,0.069158167,0.041024189,21.8,0
71,108,8,0,8.407,13.069,5.381,7.597,2.934,3.762,8.407,13.069,5.381,7.597,2.934,3.762,-0.12942182,0.094277151,0.38881918,1.236618791,0.151535043,-1.398990322,0.672575069,0.052489101,-0.039070337,-0.255173945,0.109332683,-0.32844817,0.162253656,-0.447275875,0.020070552,0.006230543,14.48,0
73,112,8,0,7.933,12.971,5.136,7.553,2.834,3.747,7.933,12.971,5.136,7.553,2.834,3.747,0.387778137,-3.279054301,0.553435024,0.910634312,2.698337459,1.302963477,-0.910148786,-0.016800217,-0.124011771,-0.227149831,-0.199184934,-0.289757395,0.776243576,-0.283950225,0.056746815,0.084706456,1,0
73,116,8,0,7.47,12.809,4.893,7.481,2.733,3.722,7.47,12.809,4.893,7.481,2.733,3.722,1.177662135,-0.217738013,-0.161084219,-0.533762924,-0.108367597,-0.848424963,-0.056692824,-0.103570441,-0.148136188,-0.111892635,-0.173207278,-0.714729129,0.817359935,-0.263842752,0.047776818,0.008735382,1,0
73,120,8,0,7.019,12.587,4.652,7.382,2.632,3.687,7.019,12.587,4.652,7.382,2.632,3.687,-0.653246385,-0.636389372,-1.702666617,-1.280355074,0.987638276,-1.478805682,-0.043612268,-0.124115455,-0.347567013,-0.676807452,0.100568222,0.595988713,0.322122079,-0.547495004,0.078786189,0.043819074,70.6,0
73,124,8,0,6.585,12.31,4.416,7.257,2.53,3.642,6.585,12.31,4.416,7.257,2.53,3.642,-0.32273584,0.269321773,-0.717472309,-0.313731636,-0.223905205,-0.227785835,0.179131855,-0.148395299,-0.091111611,-0.095474864,-0.166750152,-0.653433373,0.713020334,-0.288035257,0.031507352,0.000371618,19.77,0
74,128,8,0,6.168,11.984,4.185,7.109,2.429,3.589,6.168,11.984,4.185,7.109,2.429,3.589,-0.534230568,0.446601378,1.122884672,-1.768000514,1.241156963,-2.449499863,-1.747255172,-0.335519851,0.102519797,0.60508853,0.023092156,-0.626462661,0.479120272,-0.166936836,0.081246718,0.001191576,1.18,0
74,132,8,0,5.77,11.615,3.96,6.939,2.329,3.528,5.77,11.615,3.96,6.939,2.329,3.528,-0.534230568,0.446601378,1.122884672,-1.768000514,1.241156963,-2.449499863,-1.747255172,-0.335519851,0.102519797,0.60508853,0.023092156,-0.626462661,0.479120272,-0.166936836,0.081246718,0.001191576,1.18,0
74,136,8,0,5.392,11.21,3.743,6.751,2.23,3.46,5.392,11.21,3.743,6.751,2.23,3.46,-0.534230568,0.446601378,1.122884672,-1.768000514,1.241156963,-2.449499863,-1.747255172,-0.335519851,0.102519797,0.60508853,0.023092156,-0.626462661,0.479120272,-0.166936836,0.081246718,0.001191576,1.18,0
74,140,8,0,5.034,10.777,3.534,6.547,2.133,3.384,5.034,10.777,3.534,6.547,2.133,3.384,-0.534230568,0.446601378,1.122884672,-1.768000514,1.241156963,-2.449499863,-1.747255172,-0.335519851,0.102519797,0.60508853,0.023092156,-0.626462661,0.479120272,-0.166936836,0.081246718,0.001191576,1.18,0
75,144,8,0,4.696,10.321,3.334,6.33,2.038,3.303,4.696,10.321,3.334,6.33,2.038,3.303,0.497186648,-1.483889818,-0.867129647,-1.020169595,1.062549722,-0.359442587,0.880606307,-0.173139546,0.129257258,1.1292817,-0.006978091,0.497337391,0.130515266,0.525668092,-0.088949755,0.113206051,81.13,0
76,148,8,0,4.378,9.85,3.142,6.102,1.946,3.217,4.378,9.85,3.142,6.102,1.946,3.217,-1.248619947,0.343492962,-0.236299743,0.528667673,-0.291314514,0.847538604,0.129468112,-0.278965958,0.315867516,0.847564794,0.148876568,0.549790591,-0.585130614,0.325840743,-0.068871446,0.059713185,50,0
76,152,8,0,4.08,9.37,2.96,5.866,1.856,3.126,4.08,9.37,2.96,5.866,1.856,3.126,-0.476390308,-0.142352494,-0.974915531,-0.606945205,0.005370971,-0.999965377,-0.774096415,0.244289448,-0.070240762,0.015444953,0.072651066,-0.272271751,-0.087681515,0.138132123,0.125901816,-0.06302232,86.43,0
77,156,8,0,3.801,8.888,2.786,5.625,1.769,3.031,3.801,8.888,2.786,5.625,1.769,3.031,-0.420525662,0.978769726,1.097810371,-1.912551282,1.780960922,-2.120498266,-1.023459729,-0.321114245,0.314751517,1.046647587,0.15640356,-0.628123355,-0.702366656,-0.224025083,0.14542464,0.116397682,11.83,0
77,0,12,0,9.163,3.877,5.957,2.9,3.239,1.86,9.163,3.877,5.957,2.9,3.239,1.86,0.061623489,-0.410061487,0.754377242,0.283420754,-0.905689819,-0.738459279,-0.454312152,0.036974223,-0.36283038,-0.418816991,0.521401264,-0.922427393,-0.139840272,0.70978702,-0.076248716,-0.383942454,49.95,0
77,4,12,0,9.669,4.165,6.22,3.085,3.343,1.954,9.669,4.165,6.22,3.085,3.343,1.954,-1.696914001,0.48212119,0.586417588,0.034541375,-0.306278167,-0.206029884,-0.118938855,0.05282757,-0.201680708,-0.432070051,0.01316424,0.161606289,-0.401310006,0.047423416,0.102549224,-0.11657148,9.12,0
78,8,12,0,10.172,4.473,6.477,3.279,3.444,2.052,10.172,4.473,6.477,3.279,3.444,2.052,-1.860225916,0.510701455,-0.452340475,-1.145574937,-0.323949652,1.462413019,-0.986003312,-0.756577458,0.418818886,-0.76212234,-0.098939524,0.502972747,-0.655251281,0.743419212,-0.02056809,-0.118060229,104.94,0
78,12,12,0,10.666,4.801,6.727,3.484,3.54,2.152,10.666,4.801,6.727,3.484,3.54,2.152,0.946384558,0.079319521,1.287545322,0.28251401,-0.423616438,0.147275797,1.226248307,0.348231594,-0.252658886,-0.613055494,-0.126407496,-0.636697022,-0.255688273,0.019571285,0.38258071,0.194254835,4.68,0
78,16,12,0,11.145,5.15,6.965,3.698,3.63,2.255,11.145,5.15,6.965,3.698,3.63,2.255,0.13136414,-0.170066569,0.748794675,0.410891393,-0.749974772,-0.745597186,-0.487556885,-0.105203803,-0.403692059,-0.478169343,0.261137612,-0.903294971,-0.130708919,0.713907127,-0.028134479,-0.410876701,62.92,0
78,20,12,0,11.601,5.521,7.189,3.922,3.714,2.36,11.601,5.521,7.189,3.922,3.714,2.36,-1.289269177,-0.188769226,1.192679842,-0.519384439,-0.599534141,0.669896166,1.087592147,0.13373911,0.00621067,0.431366266,-0.441621161,0.556214073,0.16621579,-0.055005317,-0.714976037,-0.612121573,18.31,0
